{
  "company": "csco",
  "lookback_period": "10mo",
  "training_date": "20251212_103820",
  "best_hyperparameters": {
    "slicing_window": 26,
    "LSTM_units": 96,
    "dropout_rate": 0.36996252133001073,
    "epochs": 80
  },
  "final_training_loss": 0.14191335439682007,
  "final_validation_loss": 0.2703578770160675,
  "slicing_window": 26,
  "model_architecture": {
    "LSTM_units": 96,
    "dropout_rate": 0.36996252133001073,
    "learning_rate": 0.001
  }
}