{
  "company": "csco",
  "lookback_period": "10mo",
  "training_date": "20260212_175316",
  "best_hyperparameters": {
    "slicing_window": 31,
    "LSTM_units": 32,
    "dropout_rate": 0.2107984537796788,
    "epochs": 80
  },
  "final_training_loss": 0.16313786804676056,
  "final_validation_loss": 0.575995922088623,
  "slicing_window": 31,
  "model_architecture": {
    "LSTM_units": 32,
    "dropout_rate": 0.2107984537796788,
    "learning_rate": 0.001
  }
}