{
  "company": "ilmn",
  "lookback_period": "10mo",
  "training_date": "20260210_175547",
  "best_hyperparameters": {
    "slicing_window": 40,
    "LSTM_units": 128,
    "dropout_rate": 0.3727516221916837,
    "epochs": 80
  },
  "final_training_loss": 0.11847512423992157,
  "final_validation_loss": 0.23745492100715637,
  "slicing_window": 40,
  "model_architecture": {
    "LSTM_units": 128,
    "dropout_rate": 0.3727516221916837,
    "learning_rate": 0.001
  }
}