{
  "company": "ftnt",
  "lookback_period": "10mo",
  "training_date": "20251213_224149",
  "best_hyperparameters": {
    "slicing_window": 47,
    "LSTM_units": 128,
    "dropout_rate": 0.19007211873795174,
    "epochs": 80
  },
  "final_training_loss": 0.14512999355793,
  "final_validation_loss": 0.11164972186088562,
  "slicing_window": 47,
  "model_architecture": {
    "LSTM_units": 128,
    "dropout_rate": 0.19007211873795174,
    "learning_rate": 0.001
  }
}